"","totT","totV1","totV2","totV3","totV4"
"1",1441979968.3,13188.6130470781,4880.36801439964,3231.83738501826,94339.2983361939
